epoch,time,train/box_loss,train/cls_loss,train/dfl_loss,metrics/precision(B),metrics/recall(B),metrics/mAP50(B),metrics/mAP50-95(B),val/box_loss,val/cls_loss,val/dfl_loss,lr/pg0,lr/pg1,lr/pg2
1,7.88221,0,13.3558,0,0,0,0,0,0,15.7628,0,2e-05,2e-05,2e-05
2,15.0248,0,13.3422,0,0,0,0,0,0,15.7775,0,4.97525e-05,4.97525e-05,4.97525e-05
3,22.2499,0,13.3001,0,0,0,0,0,0,15.796,0,7.9208e-05,7.9208e-05,7.9208e-05
4,28.99,0,13.2439,0,0,0,0,0,0,15.8211,0,0.000108366,0.000108366,0.000108366
5,35.3056,0,13.192,0,0,0,0,0,0,15.8211,0,0.000137228,0.000137228,0.000137228
6,42.7925,0,13.1654,0,0,0,0,0,0,15.854,0,0.000165793,0.000165793,0.000165793
7,49.7744,0,13.0778,0,0,0,0,0,0,15.854,0,0.00019406,0.00019406,0.00019406
8,56.4704,0,13.09,0,0,0,0,0,0,15.854,0,0.00022203,0.00022203,0.00022203
9,63.8455,0,12.9993,0,0,0,0,0,0,15.8943,0,0.000249704,0.000249704,0.000249704
10,70.595,0,12.9375,0,0,0,0,0,0,15.8943,0,0.00027708,0.00027708,0.00027708
11,77.6504,0,12.9395,0,0,0,0,0,0,15.8943,0,0.00030416,0.00030416,0.00030416
12,84.3225,0,12.9251,0,0,0,0,0,0,15.8943,0,0.000330942,0.000330942,0.000330942
13,90.9822,0,12.8532,0,0,0,0,0,0,15.9176,0,0.000357428,0.000357428,0.000357428
14,97.7773,0,12.7942,0,0,0,0,0,0,15.9176,0,0.000383617,0.000383617,0.000383617
15,104.167,0,12.801,0,0,0,0,0,0,15.9176,0,0.000409508,0.000409508,0.000409508
16,110.474,0,12.789,0,0,0,0,0,0,15.9176,0,0.000435103,0.000435103,0.000435103
17,117.36,0,12.7937,0,0,0,0,0,0,15.9176,0,0.0004604,0.0004604,0.0004604
18,124.117,0,12.7986,0,0,0,0,0,0,15.8321,0,0.000485401,0.000485401,0.000485401
19,130.628,0,12.6029,0,0,0,0,0,0,15.8321,0,0.000510104,0.000510104,0.000510104
20,137.515,0,12.5866,0,0,0,0,0,0,15.8321,0,0.000534511,0.000534511,0.000534511
21,144.397,0,12.5969,0,0,0,0,0,0,15.8321,0,0.00055862,0.00055862,0.00055862
22,151.3,0,12.6027,0,0,0,0,0,0,15.8321,0,0.000582432,0.000582432,0.000582432
23,158.217,0,12.6067,0,0,0,0,0,0,15.8321,0,0.000605948,0.000605948,0.000605948
24,165.185,0,12.5871,0,0,0,0,0,0,15.8321,0,0.000629166,0.000629166,0.000629166
25,172.15,0,12.6007,0,0,0,0,0,0,15.8321,0,0.000652088,0.000652088,0.000652088
26,178.933,0,12.6049,0,0,0,0,0,0,15.8321,0,0.000674713,0.000674713,0.000674713
27,185.759,0,12.4038,0,0,0,0,0,0,15.465,0,0.00069704,0.00069704,0.00069704
28,192.188,0,12.3223,0,0,0,0,0,0,15.465,0,0.00071907,0.00071907,0.00071907
29,198.682,0,12.2948,0,0,0,0,0,0,15.465,0,0.000740804,0.000740804,0.000740804
30,202.639,0,12.29,0,0,0,0,0,0,15.465,0,0.00076224,0.00076224,0.00076224
31,206.19,0,12.2972,0,0,0,0,0,0,15.465,0,0.00078338,0.00078338,0.00078338
32,212.611,0,12.3063,0,0,0,0,0,0,15.465,0,0.000804223,0.000804223,0.000804223
33,360.299,0,12.3045,0,0,0,0,0,0,15.465,0,0.000824768,0.000824768,0.000824768
34,364.196,0,12.3028,0,0,0,0,0,0,15.465,0,0.00083665,0.00083665,0.00083665
35,367.733,0,12.3032,0,0,0,0,0,0,15.465,0,0.0008317,0.0008317,0.0008317
36,370.884,0,12.3042,0,0,0,0,0,0,15.465,0,0.00082675,0.00082675,0.00082675
37,374.696,0,12.2986,0,0,0,0,0,0,17.5722,0,0.0008218,0.0008218,0.0008218
38,377.984,0,11.9673,0,0,0,0,0,0,17.5722,0,0.00081685,0.00081685,0.00081685
39,381.325,0,11.9729,0,0,0,0,0,0,17.5722,0,0.0008119,0.0008119,0.0008119
40,384.463,0,11.9731,0,0,0,0,0,0,17.5722,0,0.00080695,0.00080695,0.00080695
41,387.483,0,11.9693,0,0,0,0,0,0,17.5722,0,0.000802,0.000802,0.000802
42,390.469,0,11.9611,0,0,0,0,0,0,17.5722,0,0.00079705,0.00079705,0.00079705
43,393.236,0,11.9899,0,0,0,0,0,0,17.5722,0,0.0007921,0.0007921,0.0007921
44,396.134,0,11.9764,0,0,0,0,0,0,17.5722,0,0.00078715,0.00078715,0.00078715
45,398.781,0,11.9706,0,0,0,0,0,0,17.5722,0,0.0007822,0.0007822,0.0007822
46,401.552,0,11.956,0,0,0,0,0,0,17.5722,0,0.00077725,0.00077725,0.00077725
47,404.476,0,11.9632,0,0,0,0,0,0,17.5722,0,0.0007723,0.0007723,0.0007723
48,407.264,0,11.9094,0,0,0,0,0,0,14.266,0,0.00076735,0.00076735,0.00076735
49,410.444,0,11.6836,0,0,0,0,0,0,14.266,0,0.0007624,0.0007624,0.0007624
50,413.376,0,11.695,0,0,0,0,0,0,14.266,0,0.00075745,0.00075745,0.00075745
51,416.331,0,11.6972,0,0,0,0,0,0,14.266,0,0.0007525,0.0007525,0.0007525
52,419.207,0,11.6755,0,0,0,0,0,0,14.266,0,0.00074755,0.00074755,0.00074755
53,422.743,0,11.684,0,0,0,0,0,0,14.266,0,0.0007426,0.0007426,0.0007426
54,425.904,0,11.6772,0,0,0,0,0,0,14.266,0,0.00073765,0.00073765,0.00073765
55,429.168,0,11.6958,0,0,0,0,0,0,14.266,0,0.0007327,0.0007327,0.0007327
56,432.424,0,11.6832,0,0,0,0,0,0,14.266,0,0.00072775,0.00072775,0.00072775
57,435.369,0,11.6907,0,0,0,0,0,0,14.266,0,0.0007228,0.0007228,0.0007228
58,438.195,0,11.6833,0,0,0,0,0,0,14.266,0,0.00071785,0.00071785,0.00071785
59,441.432,0,11.531,0,0,0,0,0,0,13.2315,0,0.0007129,0.0007129,0.0007129
60,444.203,0,11.4356,0,0,0,0,0,0,13.2315,0,0.00070795,0.00070795,0.00070795
61,447.055,0,11.4349,0,0,0,0,0,0,13.2315,0,0.000703,0.000703,0.000703
62,450.176,0,11.4278,0,0,0,0,0,0,13.2315,0,0.00069805,0.00069805,0.00069805
63,452.839,0,11.4368,0,0,0,0,0,0,13.2315,0,0.0006931,0.0006931,0.0006931
64,455.914,0,11.4351,0,0,0,0,0,0,13.2315,0,0.00068815,0.00068815,0.00068815
65,459.45,0,11.4395,0,0,0,0,0,0,13.2315,0,0.0006832,0.0006832,0.0006832
66,462.542,0,11.4361,0,0,0,0,0,0,13.2315,0,0.00067825,0.00067825,0.00067825
67,465.527,0,11.4233,0,0,0,0,0,0,13.2315,0,0.0006733,0.0006733,0.0006733
68,468.381,0,11.435,0,0,0,0,0,0,13.2315,0,0.00066835,0.00066835,0.00066835
69,471.15,0,11.4449,0,0,0,0,0,0,12.7905,0,0.0006634,0.0006634,0.0006634
70,474.504,0,11.2267,0,0,0,0,0,0,12.7905,0,0.00065845,0.00065845,0.00065845
71,478.941,0,11.2281,0,0,0,0,0,0,12.7905,0,0.0006535,0.0006535,0.0006535
72,481.898,0,11.2209,0,0,0,0,0,0,12.7905,0,0.00064855,0.00064855,0.00064855
73,484.827,0,11.2293,0,0,0,0,0,0,12.7905,0,0.0006436,0.0006436,0.0006436
74,487.767,0,11.2175,0,0,0,0,0,0,12.7905,0,0.00063865,0.00063865,0.00063865
75,491.162,0,11.217,0,0,0,0,0,0,12.7905,0,0.0006337,0.0006337,0.0006337
76,494.317,0,11.2244,0,0,0,0,0,0,12.7905,0,0.00062875,0.00062875,0.00062875
77,497.483,0,11.2375,0,0,0,0,0,0,12.7905,0,0.0006238,0.0006238,0.0006238
78,500.773,0,11.2369,0,0,0,0,0,0,12.7905,0,0.00061885,0.00061885,0.00061885
79,503.597,0,11.2264,0,0,0,0,0,0,12.7905,0,0.0006139,0.0006139,0.0006139
80,506.793,0,11.186,0,0,0,0,0,0,12.5959,0,0.00060895,0.00060895,0.00060895
81,509.762,0,11.0526,0,0,0,0,0,0,12.5959,0,0.000604,0.000604,0.000604
82,514.162,0,11.0408,0,0,0,0,0,0,12.5959,0,0.00059905,0.00059905,0.00059905
83,517.533,0,11.0287,0,0,0,0,0,0,12.5959,0,0.0005941,0.0005941,0.0005941
84,520.499,0,11.0431,0,0,0,0,0,0,12.5959,0,0.00058915,0.00058915,0.00058915
85,523.395,0,11.0319,0,0,0,0,0,0,12.5959,0,0.0005842,0.0005842,0.0005842
86,526.364,0,11.0672,0,0,0,0,0,0,12.5959,0,0.00057925,0.00057925,0.00057925
87,529.478,0,11.0607,0,0,0,0,0,0,12.5959,0,0.0005743,0.0005743,0.0005743
88,532.41,0,11.0403,0,0,0,0,0,0,12.5959,0,0.00056935,0.00056935,0.00056935
89,537.95,0,11.0452,0,0,0,0,0,0,12.5959,0,0.0005644,0.0005644,0.0005644
90,545.257,0,11.0341,0,0,0,0,0,0,12.5959,0,0.00055945,0.00055945,0.00055945
91,551.902,0,10.9536,0,0,0,0,0,0,12.5262,0,0.0005545,0.0005545,0.0005545
92,558.501,0,10.8849,0,0,0,0,0,0,12.5262,0,0.00054955,0.00054955,0.00054955
93,564.795,0,10.876,0,0,0,0,0,0,12.5262,0,0.0005446,0.0005446,0.0005446
94,571.32,0,10.8939,0,0,0,0,0,0,12.5262,0,0.00053965,0.00053965,0.00053965
95,577.832,0,10.8804,0,0,0,0,0,0,12.5262,0,0.0005347,0.0005347,0.0005347
96,584.599,0,10.8729,0,0,0,0,0,0,12.5262,0,0.00052975,0.00052975,0.00052975
97,591.179,0,10.901,0,0,0,0,0,0,12.5262,0,0.0005248,0.0005248,0.0005248
98,597.575,0,10.8866,0,0,0,0,0,0,12.5262,0,0.00051985,0.00051985,0.00051985
99,604.117,0,10.8852,0,0,0,0,0,0,12.5262,0,0.0005149,0.0005149,0.0005149
100,610.903,0,10.888,0,0,0,0,0,0,12.5262,0,0.00050995,0.00050995,0.00050995
101,617.986,0,10.8928,0,0,0,0,0,0,12.5103,0,0.000505,0.000505,0.000505
102,624.567,0,10.7511,0,0,0,0,0,0,12.5103,0,0.00050005,0.00050005,0.00050005
103,631.021,0,10.7595,0,0,0,0,0,0,12.5103,0,0.0004951,0.0004951,0.0004951
104,637.668,0,10.7506,0,0,0,0,0,0,12.5103,0,0.00049015,0.00049015,0.00049015
105,643.873,0,10.7473,0,0,0,0,0,0,12.5103,0,0.0004852,0.0004852,0.0004852
106,650.777,0,10.7605,0,0,0,0,0,0,12.5103,0,0.00048025,0.00048025,0.00048025
107,657.507,0,10.7554,0,0,0,0,0,0,12.5103,0,0.0004753,0.0004753,0.0004753
108,664.118,0,10.7395,0,0,0,0,0,0,12.5103,0,0.00047035,0.00047035,0.00047035
109,670.882,0,10.7307,0,0,0,0,0,0,12.5103,0,0.0004654,0.0004654,0.0004654
110,681.112,0,10.7357,0,0,0,0,0,0,12.5103,0,0.00046045,0.00046045,0.00046045
111,687.589,0,10.7539,0,0,0,0,0,0,12.5103,0,0.0004555,0.0004555,0.0004555
112,694.256,0,10.752,0,0,0,0,0,0,12.5345,0,0.00045055,0.00045055,0.00045055
113,700.87,0,10.637,0,0,0,0,0,0,12.5345,0,0.0004456,0.0004456,0.0004456
114,707.783,0,10.6308,0,0,0,0,0,0,12.5345,0,0.00044065,0.00044065,0.00044065
115,715.181,0,10.6251,0,0,0,0,0,0,12.5345,0,0.0004357,0.0004357,0.0004357
116,721.311,0,10.6411,0,0,0,0,0,0,12.5345,0,0.00043075,0.00043075,0.00043075
117,727.861,0,10.627,0,0,0,0,0,0,12.5345,0,0.0004258,0.0004258,0.0004258
118,734.203,0,10.6311,0,0,0,0,0,0,12.5345,0,0.00042085,0.00042085,0.00042085
119,740.788,0,10.6307,0,0,0,0,0,0,12.5345,0,0.0004159,0.0004159,0.0004159
120,746.928,0,10.6363,0,0,0,0,0,0,12.5345,0,0.00041095,0.00041095,0.00041095
121,753.665,0,10.6441,0,0,0,0,0,0,12.5345,0,0.000406,0.000406,0.000406
122,760.427,0,10.6242,0,0,0,0,0,0,12.5345,0,0.00040105,0.00040105,0.00040105
123,767.586,0,10.5872,0,0,0,0,0,0,12.521,0,0.0003961,0.0003961,0.0003961
124,774.626,0,10.5196,0,0,0,0,0,0,12.521,0,0.00039115,0.00039115,0.00039115
125,781.857,0,10.5159,0,0,0,0,0,0,12.521,0,0.0003862,0.0003862,0.0003862
126,789.323,0,10.5289,0,0,0,0,0,0,12.521,0,0.00038125,0.00038125,0.00038125
127,796.496,0,10.5382,0,0,0,0,0,0,12.521,0,0.0003763,0.0003763,0.0003763
128,803.424,0,10.5268,0,0,0,0,0,0,12.521,0,0.00037135,0.00037135,0.00037135
129,810.864,0,10.5486,0,0,0,0,0,0,12.521,0,0.0003664,0.0003664,0.0003664
130,815.568,0,10.5428,0,0,0,0,0,0,12.521,0,0.00036145,0.00036145,0.00036145
131,818.499,0,10.5138,0,0,0,0,0,0,12.521,0,0.0003565,0.0003565,0.0003565
132,821.185,0,10.5127,0,0,0,0,0,0,12.521,0,0.00035155,0.00035155,0.00035155
133,824.689,0,10.5187,0,0,0,0,0,0,12.5453,0,0.0003466,0.0003466,0.0003466
134,828.346,0,10.4561,0,0,0,0,0,0,12.5453,0,0.00034165,0.00034165,0.00034165
135,832.072,0,10.437,0,0,0,0,0,0,12.5453,0,0.0003367,0.0003367,0.0003367
136,835.595,0,10.4369,0,0,0,0,0,0,12.5453,0,0.00033175,0.00033175,0.00033175
137,839.186,0,10.4376,0,0,0,0,0,0,12.5453,0,0.0003268,0.0003268,0.0003268
138,842.632,0,10.429,0,0,0,0,0,0,12.5453,0,0.00032185,0.00032185,0.00032185
139,846.06,0,10.4191,0,0,0,0,0,0,12.5453,0,0.0003169,0.0003169,0.0003169
140,849.643,0,10.4284,0,0,0,0,0,0,12.5453,0,0.00031195,0.00031195,0.00031195
141,853.12,0,10.4104,0,0,0,0,0,0,12.5453,0,0.000307,0.000307,0.000307
142,856.612,0,10.4372,0,0,0,0,0,0,12.5453,0,0.00030205,0.00030205,0.00030205
143,860.089,0,10.4184,0,0,0,0,0,0,12.5453,0,0.0002971,0.0002971,0.0002971
144,863.648,0,10.4376,0,0,0,0,0,0,12.5281,0,0.00029215,0.00029215,0.00029215
145,867.455,0,10.3521,0,0,0,0,0,0,12.5281,0,0.0002872,0.0002872,0.0002872
146,870.952,0,10.3398,0,0,0,0,0,0,12.5281,0,0.00028225,0.00028225,0.00028225
147,874.269,0,10.3722,0,0,0,0,0,0,12.5281,0,0.0002773,0.0002773,0.0002773
148,877.916,0,10.3307,0,0,0,0,0,0,12.5281,0,0.00027235,0.00027235,0.00027235
149,881.58,0,10.3594,0,0,0,0,0,0,12.5281,0,0.0002674,0.0002674,0.0002674
150,885.336,0,10.3574,0,0,0,0,0,0,12.5281,0,0.00026245,0.00026245,0.00026245
151,888.644,0,10.3598,0,0,0,0,0,0,12.5281,0,0.0002575,0.0002575,0.0002575
152,892.591,0,10.3596,0,0,0,0,0,0,12.5281,0,0.00025255,0.00025255,0.00025255
153,896.299,0,10.3467,0,0,0,0,0,0,12.5281,0,0.0002476,0.0002476,0.0002476
154,899.79,0,10.3534,0,0,0,0,0,0,12.5281,0,0.00024265,0.00024265,0.00024265
155,903.395,0,10.3276,0,0,0,0,0,0,12.5618,0,0.0002377,0.0002377,0.0002377
156,906.773,0,10.2778,0,0,0,0,0,0,12.5618,0,0.00023275,0.00023275,0.00023275
157,910.565,0,10.2989,0,0,0,0,0,0,12.5618,0,0.0002278,0.0002278,0.0002278
158,914.099,0,10.2874,0,0,0,0,0,0,12.5618,0,0.00022285,0.00022285,0.00022285
159,917.586,0,10.2885,0,0,0,0,0,0,12.5618,0,0.0002179,0.0002179,0.0002179
160,920.975,0,10.2905,0,0,0,0,0,0,12.5618,0,0.00021295,0.00021295,0.00021295
161,924.411,0,10.2922,0,0,0,0,0,0,12.5618,0,0.000208,0.000208,0.000208
162,927.948,0,10.3042,0,0,0,0,0,0,12.5618,0,0.00020305,0.00020305,0.00020305
163,931.849,0,10.2676,0,0,0,0,0,0,12.5618,0,0.0001981,0.0001981,0.0001981
164,935.228,0,10.2946,0,0,0,0,0,0,12.5618,0,0.00019315,0.00019315,0.00019315
165,938.74,0,10.2771,0,0,0,0,0,0,12.5855,0,0.0001882,0.0001882,0.0001882
166,942.154,0,10.2261,0,0,0,0,0,0,12.5855,0,0.00018325,0.00018325,0.00018325
167,945.874,0,10.221,0,0,0,0,0,0,12.5855,0,0.0001783,0.0001783,0.0001783
168,949.285,0,10.2272,0,0,0,0,0,0,12.5855,0,0.00017335,0.00017335,0.00017335
169,952.614,0,10.2514,0,0,0,0,0,0,12.5855,0,0.0001684,0.0001684,0.0001684
170,956.312,0,10.2522,0,0,0,0,0,0,12.5855,0,0.00016345,0.00016345,0.00016345
171,959.962,0,10.2385,0,0,0,0,0,0,12.5855,0,0.0001585,0.0001585,0.0001585
172,964.501,0,10.2357,0,0,0,0,0,0,12.5855,0,0.00015355,0.00015355,0.00015355
173,968.573,0,10.2094,0,0,0,0,0,0,12.5855,0,0.0001486,0.0001486,0.0001486
174,972.077,0,10.2202,0,0,0,0,0,0,12.5855,0,0.00014365,0.00014365,0.00014365
175,975.469,0,10.2497,0,0,0,0,0,0,12.5855,0,0.0001387,0.0001387,0.0001387
176,979.112,0,10.216,0,0,0,0,0,0,12.632,0,0.00013375,0.00013375,0.00013375
177,982.576,0,10.1877,0,0,0,0,0,0,12.632,0,0.0001288,0.0001288,0.0001288
178,985.87,0,10.1827,0,0,0,0,0,0,12.632,0,0.00012385,0.00012385,0.00012385
179,989.501,0,10.2063,0,0,0,0,0,0,12.632,0,0.0001189,0.0001189,0.0001189
180,992.986,0,10.1846,0,0,0,0,0,0,12.632,0,0.00011395,0.00011395,0.00011395
181,996.564,0,10.2068,0,0,0,0,0,0,12.632,0,0.000109,0.000109,0.000109
182,1000.4,0,10.2123,0,0,0,0,0,0,12.632,0,0.00010405,0.00010405,0.00010405
183,1004.07,0,10.203,0,0,0,0,0,0,12.632,0,9.91e-05,9.91e-05,9.91e-05
184,1007.56,0,10.1937,0,0,0,0,0,0,12.632,0,9.415e-05,9.415e-05,9.415e-05
185,1011,0,10.2452,0,0,0,0,0,0,12.632,0,8.92e-05,8.92e-05,8.92e-05
186,1014.4,0,10.23,0,0,0,0,0,0,12.632,0,8.425e-05,8.425e-05,8.425e-05
187,1018.07,0,10.1956,0,0,0,0,0,0,12.6746,0,7.93e-05,7.93e-05,7.93e-05
188,1021.84,0,10.1808,0,0,0,0,0,0,12.6746,0,7.435e-05,7.435e-05,7.435e-05
189,1025.43,0,10.1736,0,0,0,0,0,0,12.6746,0,6.94e-05,6.94e-05,6.94e-05
190,1028.91,0,10.1748,0,0,0,0,0,0,12.6746,0,6.445e-05,6.445e-05,6.445e-05
191,1033.15,0,10.148,0,0,0,0,0,0,12.6746,0,5.95e-05,5.95e-05,5.95e-05
192,1036.87,0,10.1743,0,0,0,0,0,0,12.6746,0,5.455e-05,5.455e-05,5.455e-05
193,1040.17,0,10.1692,0,0,0,0,0,0,12.6746,0,4.96e-05,4.96e-05,4.96e-05
194,1043.69,0,10.1598,0,0,0,0,0,0,12.6746,0,4.465e-05,4.465e-05,4.465e-05
195,1046.99,0,10.1752,0,0,0,0,0,0,12.6746,0,3.97e-05,3.97e-05,3.97e-05
196,1050.2,0,10.1622,0,0,0,0,0,0,12.6746,0,3.475e-05,3.475e-05,3.475e-05
197,1053.68,0,10.1595,0,0,0,0,0,0,12.7285,0,2.98e-05,2.98e-05,2.98e-05
198,1059.89,0,10.1647,0,0,0,0,0,0,12.7285,0,2.485e-05,2.485e-05,2.485e-05
199,1066.14,0,10.1531,0,0,0,0,0,0,12.7285,0,1.99e-05,1.99e-05,1.99e-05
200,1072.99,0,10.1492,0,0,0,0,0,0,12.7285,0,1.495e-05,1.495e-05,1.495e-05
